Category,Product_Name,Price_VAT
МИКРОШПРИЦ С ПОВЕРКОЙ,"МШ – 1 (макс. объем 1мкл, без направ) 1 шт в компл. СИ с поверкой",5040
МИКРОШПРИЦ С ПОВЕРКОЙ,"МШ – 1 (макс. объем 1мкл, без направ) 2 шт в компл. СИ с поверкой",9780
МИКРОШПРИЦ С ПОВЕРКОЙ,"МШ – 1Н (макс. объем 1мкл, с направ) 1 шт в компл. СИ с поверкой",6294
МИКРОШПРИЦ С ПОВЕРКОЙ,"МШ – 1Н (макс. объем 1мкл, с направ) 2 шт в компл. СИ с поверкой",12216
МИКРОШПРИЦ С ПОВЕРКОЙ,"М – 5 (макс. объем 5мкл, без направ) 1шт в компл. СИ, без поверки",5478
МИКРОШПРИЦ С ПОВЕРКОЙ,"М – 5Н (макс. объем 5 мкл, с направ) 1 шт в компл. СИ, без поверки",6636
МИКРОШПРИЦ С ПОВЕРКОЙ,"MШ – 10 (макс. объем 10мкл, без направ) 1шт в компл. СИ, без поверки",2820
МИКРОШПРИЦ С ПОВЕРКОЙ,"MШ – 10 (макс. объем 10мкл, без направ) 2шт в компл. СИ, без поверки",5220
МИКРОШПРИЦ С ПОВЕРКОЙ,"MШ – 10Н (макс. объем 10мкл, с направ) 1шт в компл. СИ, без поверки",3678
МИКРОШПРИЦ С ПОВЕРКОЙ,"MШ – 10Н (макс. объем 10мкл, с направ) 2шт в компл. СИ, без поверки",6876
МИКРОШПРИЦ С ПОВЕРКОЙ,"МШ – 10 (макс. объем 10мкл, без направ) 1шт в компл. СИ с поверкой",3570
МИКРОШПРИЦ С ПОВЕРКОЙ,"МШ – 10 (макс. объем 10мкл, без направ) 2шт в компл. СИ с поверкой",6720
МИКРОШПРИЦ С ПОВЕРКОЙ,"МШ – 10Н (макс. объем 10мкл, с направ) 1шт в компл. СИ с поверкой",4428
МИКРОШПРИЦ С ПОВЕРКОЙ,"МШ – 10Н (макс. объем 10мкл, с направ) 2шт в компл. СИ с поверкой",8376
МИКРОШПРИЦ С ПОВЕРКОЙ,"МШ – 25 (макс. объем 25мкл, без направ) 1шт в компл. СИ, без поверки",3060
МИКРОШПРИЦ С ПОВЕРКОЙ,"МШ – 25Н (макс. объем 25мкл, с направ) 1шт в компл. СИ, без поверки",3978
МИКРОШПРИЦ С ПОВЕРКОЙ,"МШ – 25 (макс. объем 25мкл, без направ) 1шт в компл. СИ с поверкой",3810
МИКРОШПРИЦ С ПОВЕРКОЙ,"МШ – 25Н (макс. объем 25мкл, с направ) 1шт в компл. СИ с поверкой",4728
МИКРОШПРИЦ С ПОВЕРКОЙ,"МШ – 50 (макс. объем 50мкл, без направ) 1шт в компл. СИ, без поверки",3240
МИКРОШПРИЦ С ПОВЕРКОЙ,"МШ – 50Н (макс. объем 50мкл, с направ) 1шт в компл. СИ, без поверки",4218
МИКРОШПРИЦ С ПОВЕРКОЙ,"МШ – 50 (макс. объем 50мкл, без направ) 1шт в компл. СИ с поверкой",3990
МИКРОШПРИЦ С ПОВЕРКОЙ,"МШ – 50Н (макс. объем 50мкл, с направ) 1шт в компл. СИ с поверкой",4968
МИКРОШПРИЦ С ПОВЕРКОЙ,"МШ – 100 (макс. объем 100мкл, без направ) 1шт в компл. СИ, без поверки",3360
МИКРОШПРИЦ С ПОВЕРКОЙ,"МШ – 100Н (макс. объем 100мкл, с направ) 1шт в компл. СИ, без поверки",4338
МИКРОШПРИЦ С ПОВЕРКОЙ,"МШ – 100 (макс. объем 100мкл, без направ) 1шт в компл. СИ с поверкой",4110
МИКРОШПРИЦ С ПОВЕРКОЙ,"МШ – 100Н (макс. объем 100мкл, с направ) 1шт в компл. СИ с поверкой",5088
МИКРОШПРИЦ С ПОВЕРКОЙ,"МШ – 250 (макс. объем 250мкл, без направ) 1шт в компл. СИ, без поверки",4020
МИКРОШПРИЦ С ПОВЕРКОЙ,"МШ – 250 (макс. объем 250мкл, без направ) 1шт в компл. СИ с поверкой",4770
МИКРОШПРИЦ С ПОВЕРКОЙ,"МШ – 500 (макс. объем 500мкл, без направ) 1шт в компл. СИ, без поверки",4500
МИКРОШПРИЦ С ПОВЕРКОЙ,"МШ – 500 (макс. объем 500мкл, без направ) 1шт в компл. СИ с поверкой",5250
ПРОБООТБОРНИКИ ДЛЯ ГАЗОВ,Пробоотборник ПГО-400 (сталь 12Х18Н10Т),23400
ПРОБООТБОРНИКИ ДЛЯ ГАЗОВ,Пробоотборник ПГО-400 (сталь 12Х18Н10Т) с манометром и футляром,35760
ПРОБООТБОРНИКИ ДЛЯ ГАЗОВ,Пробоотборник ПГО-100 (сталь 12Х18Н10Т),21600
ПРОБООТБОРНИКИ ДЛЯ ГАЗОВ,Пробоотборник ПГО-50 (сталь 12Х18Н10Т),17520
ПРОБООТБОРНИКИ ДЛЯ ГАЗОВ,Пробоотборник ПГО-50 (сталь 12Х18Н10Т) с манометром и футляром,29880
ПРОБООТБОРНИКИ ДЛЯ ГАЗОВ,Пробоотборник ПГО-1000 (сталь 12Х18Н10Т),45000
ПРОБООТБОРНИКИ ДЛЯ ГАЗОВ,Переходник к ПГО (сталь 12Х18Н10Т),3000
ПРОБООТБОРНИКИ ДЛЯ ГАЗОВ,Футляр для ПГО-400/ПГО-50,4200
ПРОБООТБОРНИКИ ДЛЯ НЕФТЕПРОДУКТОВ,Пробоотборник ПЭ-1620 (нержавеющая сталь),18900
ПРОБООТБОРНИКИ ДЛЯ НЕФТЕПРОДУКТОВ,Пробоотборник ПЭ-1650 (нержавеющая сталь),23100
ПРОБООТБОРНИКИ ДЛЯ НЕФТЕПРОДУКТОВ,Пробоотборник ПН-10 (латунь),12600
ПРОБООТБОРНИКИ ДЛЯ НЕФТЕПРОДУКТОВ,Пробоотборник ПН-2 (латунь),11400
ПРОБООТБОРНИКИ ДЛЯ НЕФТЕПРОДУКТОВ,Пробоотборник ПН-3 (латунь),13200
ПРОБООТБОРНИКИ ДЛЯ НЕФТЕПРОДУКТОВ,Пробоотборник ПН-5 (латунь),15600
ПРОБООТБОРНИКИ ДЛЯ НЕФТЕПРОДУКТОВ,Пробоотборник ПН-6 (латунь),17400
ПРОБООТБОРНИКИ ДЛЯ НЕФТЕПРОДУКТОВ,Пробоотборник ПН-7 (латунь),16200
ПРОБООТБОРНИКИ ДЛЯ НЕФТЕПРОДУКТОВ,Пробоотборник ПН-8 (латунь),18300
ПРОБООТБОРНИКИ ДЛЯ НЕФТЕПРОДУКТОВ,Пробоотборник ПН-11 (латунь),13800
ЗАПОРНО-РЕГУЛИРУЮЩАЯ АРМАТУРА,Вентиль ВИ-64-6 G1/4" (сталь 12Х18Н10Т),4500
ЗАПОРНО-РЕГУЛИРУЮЩАЯ АРМАТУРА,Вентиль ВИ-64-6 G1/2" (сталь 12Х18Н10Т),4800
ЗАПОРНО-РЕГУЛИРУЮЩАЯ АРМАТУРА,Вентиль ВИ-64-6 M14х1.5 (сталь 12Х18Н10Т),4500
ЗАПОРНО-РЕГУЛИРУЮЩАЯ АРМАТУРА,Вентиль ВИ-64-6 M20х1.5 (сталь 12Х18Н10Т),4800
ВИСКОЗИМЕТРЫ,Вискозиметр ВЗ-246 (алюминий) на ножках,10200
ВИСКОЗИМЕТРЫ,Вискозиметр ВЗ-246 (алюминий) погружной,9600
ВИСКОЗИМЕТРЫ,Вискозиметр ВЗ-246 (нержавеющая сталь) на ножках,21000
ВИСКОЗИМЕТРЫ,Вискозиметр ВЗ-246 (нержавеющая сталь) погружной,19800
МЕДНЫЕ ПЛАСТИНЫ,Пластина медная (40х50х2) марка М0 или М1,1020
МЕДНЫЕ ПЛАСТИНЫ,Пластина медная (75х12.5х2) марка М0 или М1,1020
МЕДНЫЕ ПЛАСТИНЫ,Набор медных пластин (30 шт) марка М0 или М1,28200
МЕДНЫЕ ПЛАСТИНЫ,Держатель для полировки пластин (нержавеющая сталь),4200
МЕДНЫЕ ПЛАСТИНЫ,Бомба Рейда (сталь 12Х18Н10Т) в сборе,45000
ЗИП ДЛЯ ППД 0.15-2.0Л,Кольцо поршня уплотнительное (фторсиликон) - 1 шт,4248
ЗИП ДЛЯ ППД 0.15-2.0Л,Уплотнение фланца (Ф4) - 1 шт,1668
ЗИП ДЛЯ ППД 0.15-2.0Л,Уплотнение заглушки G1/2" (МБС) - 1 шт,468
ЗИП ДЛЯ ППД 0.15-2.0Л,Уплотнение вентиля ВИ-64-6 G1/4" (PEEK) - 1 шт,1824
ДОПОЛНИТЕЛЬНЫЕ ТОВАРЫ/УСЛУГИ,Манометр к БР,6708
ДОПОЛНИТЕЛЬНЫЕ ТОВАРЫ/УСЛУГИ,Накатка на корпусе БР,3528
ДОПОЛНИТЕЛЬНЫЕ ТОВАРЫ/УСЛУГИ,Байонетное соединение к БР,1260
